<?xml version="1.0" encoding="utf-8"?>

<resources>

    <string name="patchwall_welcome_title">Meet PatchWall</string>
    <string name="patchwall_welcome_desc">Customised smart TV operating system designed by Mi</string>
    <string name="patchwall_1_title">Endless scrolling of content, right on home page</string>
    <string name="patchwall_1_desc">No more switching between apps! PatchWall displays tons of content right on home page.</string>
    <string name="patchwall_2_title">Instant play</string>
    <string name="patchwall_2_desc">Simply click to start streaming</string>
    <string name="patchwall_3_title">Keep exploring. Get inspired.</string>
    <string name="patchwall_3_desc">Enjoy our top picks from different genres.</string>
    <string name="patchwall_4_title">Find what you need in an instant</string>
    <string name="patchwall_4_desc">Use integrated search for movies, TV shows, music, sports, kids programs, celebrities, and more.</string>
    <string name="patchwall_done_title">Mi button access</string>
    <string name="patchwall_done_desc">Wherever you are, PatchWall is always just a click away.</string>
</resources>
